name,level,url_image
Aboudbra le Porteur,Niv. 35 - 47,https://static.ankama.com/dofus-touch/www/img/../../../dofus-touch/www/game/monsters/200/2384.w52h52.png
Abrakadnuzar,Niv. 40 - 52,https://static.ankama.com/dofus-touch/www/img/../../../dofus-touch/www/game/monsters/200/2385.w52h52.png
Abrakanette l'Encapsulé,Niv. 78 - 90,https://static.ankama.com/dofus-touch/www/img/../../../dofus-touch/www/game/monsters/200/2388.w52h52.png
Abrakildas le Vénérable,Niv. 74 - 86,https://static.ankama.com/dofus-touch/www/img/../../../dofus-touch/www/game/monsters/200/2389.w52h52.png
Abrakine le Sombre,Niv. 125 - 145,https://static.ankama.com/dofus-touch/www/img/../../../dofus-touch/www/game/monsters/200/2544.w52h52.png
Abraklette le Fondant,Niv. 80 - 92,https://static.ankama.com/dofus-touch/www/img/../../../dofus-touch/www/game/monsters/200/2386.w52h52.png
Abrakroc l'édenté,Niv. 38 - 50,https://static.ankama.com/dofus-touch/www/img/../../../dofus-touch/www/game/monsters/200/2309.w52h52.png
Abrinos le Clair,Niv. 150 - 162,https://static.ankama.com/dofus-touch/www/img/../../../dofus-touch/www/game/monsters/200/2381.w52h52.png
Ameur la Laide,Niv. 35 - 47,https://static.ankama.com/dofus-touch/www/img/../../../dofus-touch/www/game/monsters/200/2391.w52h52.png
Arabord la Cruche,Niv. 40 - 48,https://static.ankama.com/dofus-touch/www/img/../../../dofus-touch/www/game/monsters/200/2311.w52h52.png
Arachitik la Souffreteuse,Niv. 19 - 23,https://static.ankama.com/dofus-touch/www/img/../../../dofus-touch/www/game/monsters/200/2312.w52h52.png
Arakazam la Psychique,Niv. 132 - 140,https://static.ankama.com/dofus-touch/www/img/../../../dofus-touch/www/game/monsters/200/4346.w52h52.png
Araknay la Galopante,Niv. 14 - 18,https://static.ankama.com/dofus-touch/www/img/../../../dofus-touch/www/game/monsters/200/2393.w52h52.png
Arakule la Revancharde,Niv. 51 - 55,https://static.ankama.com/dofus-touch/www/img/../../../dofus-touch/www/game/monsters/200/2310.w52h52.png
Arapliké la Calligraphe,Niv. 130 - 138,https://static.ankama.com/dofus-touch/www/img/../../../dofus-touch/www/game/monsters/200/4354.w52h52.png
Bandapar l'Exclu,Niv. 22 - 30,https://static.ankama.com/dofus-touch/www/img/../../../dofus-touch/www/game/monsters/200/2313.w52h52.png
Bandson le Tonitruant,Niv. 37 - 49,https://static.ankama.com/dofus-touch/www/img/../../../dofus-touch/www/game/monsters/200/2314.w52h52.png
Barchwork le Multicolore,Niv. 37 - 49,https://static.ankama.com/dofus-touch/www/img/../../../dofus-touch/www/game/monsters/200/2417.w52h52.png
Barebourd le Comte,Niv. 52 - 80,https://static.ankama.com/dofus-touch/www/img/../../../dofus-touch/www/game/monsters/200/2545.w52h52.png
Bi le Partageur,Niv. 24 - 28,https://static.ankama.com/dofus-touch/www/img/../../../dofus-touch/www/game/monsters/200/2400.w52h52.png
Bilvoezé le Bonimenteur,Niv. 24 - 28,https://static.ankama.com/dofus-touch/www/img/../../../dofus-touch/www/game/monsters/200/2399.w52h52.png
Bistou le Quêteur,Niv. 24 - 28,https://static.ankama.com/dofus-touch/www/img/../../../dofus-touch/www/game/monsters/200/2396.w52h52.png
Bistou le Rieur,Niv. 24 - 28,https://static.ankama.com/dofus-touch/www/img/../../../dofus-touch/www/game/monsters/200/2401.w52h52.png
Bitoven le Musicien,Niv. 117 - 141,https://static.ankama.com/dofus-touch/www/img/../../../dofus-touch/www/game/monsters/200/2546.w52h52.png
Blof l'Apathique,Niv. 50 - 58,https://static.ankama.com/dofus-touch/www/img/../../../dofus-touch/www/game/monsters/200/2407.w52h52.png
Bloporte le Veule,Niv. 50 - 58,https://static.ankama.com/dofus-touch/www/img/../../../dofus-touch/www/game/monsters/200/2406.w52h52.png
Blordur l'Infect,Niv. 50 - 58,https://static.ankama.com/dofus-touch/www/img/../../../dofus-touch/www/game/monsters/200/2405.w52h52.png
Blorie L'assourdissante,Niv. 50 - 58,https://static.ankama.com/dofus-touch/www/img/../../../dofus-touch/www/game/monsters/200/2404.w52h52.png
Boombata le Garde,Niv. 39 - 63,https://static.ankama.com/dofus-touch/www/img/../../../dofus-touch/www/game/monsters/200/2408.w52h52.png
Boostif l'Affamé,Niv. 25 - 29,https://static.ankama.com/dofus-touch/www/img/../../../dofus-touch/www/game/monsters/200/2549.w52h52.png
Boudalf le Blanc,Niv. 50 - 58,https://static.ankama.com/dofus-touch/www/img/../../../dofus-touch/www/game/monsters/200/2315.w52h52.png
Boudur le Raide,Niv. 35 - 47,https://static.ankama.com/dofus-touch/www/img/../../../dofus-touch/www/game/monsters/200/2318.w52h52.png
Boufdégou le Refoulant,Niv. 51 - 55,https://static.ankama.com/dofus-touch/www/img/../../../dofus-touch/www/game/monsters/200/2317.w52h52.png
Bouflet le Puéril,Niv. 52 - 60,https://static.ankama.com/dofus-touch/www/img/../../../dofus-touch/www/game/monsters/200/2324.w52h52.png
Boulgourvil le Lointain,Niv. 53 - 57,https://static.ankama.com/dofus-touch/www/img/../../../dofus-touch/www/game/monsters/200/2316.w52h52.png
Bouliver le Géant,Niv. 87 - 107,https://static.ankama.com/dofus-touch/www/img/../../../dofus-touch/www/game/monsters/200/2363.w52h52.png
Bourdilleu le Social,Niv. 58 - 66,https://static.ankama.com/dofus-touch/www/img/../../../dofus-touch/www/game/monsters/200/2286.w52h52.png
Brouste l'Humiliant,Niv. 109 - 125,https://static.ankama.com/dofus-touch/www/img/../../../dofus-touch/www/game/monsters/200/2550.w52h52.png
Bworkasse le Dégoutant,Niv. 44 - 56,https://static.ankama.com/dofus-touch/www/img/../../../dofus-touch/www/game/monsters/200/2416.w52h52.png
Bwormage le Respectueux,Niv. 39 - 51,https://static.ankama.com/dofus-touch/www/img/../../../dofus-touch/www/game/monsters/200/2418.w52h52.png
Caboume l'Artilleur,Niv. 51 - 75,https://static.ankama.com/dofus-touch/www/img/../../../dofus-touch/www/game/monsters/200/2419.w52h52.png
Cavordemal le Sorcier,Niv. 57 - 65,https://static.ankama.com/dofus-touch/www/img/../../../dofus-touch/www/game/monsters/200/2420.w52h52.png
Chafalfer l'Optimiste,Niv. 25 - 37,https://static.ankama.com/dofus-touch/www/img/../../../dofus-touch/www/game/monsters/200/2321.w52h52.png
Chafemal le Bagarreur,Niv. 32 - 40,https://static.ankama.com/dofus-touch/www/img/../../../dofus-touch/www/game/monsters/200/2319.w52h52.png
Chaffoin le Sournois,Niv. 33 - 41,https://static.ankama.com/dofus-touch/www/img/../../../dofus-touch/www/game/monsters/200/2421.w52h52.png
Chafmarcel le Fêtard,Niv. 40 - 48,https://static.ankama.com/dofus-touch/www/img/../../../dofus-touch/www/game/monsters/200/2320.w52h52.png
Chafrit le Barbare,Niv. 40 - 52,https://static.ankama.com/dofus-touch/www/img/../../../dofus-touch/www/game/monsters/200/2422.w52h52.png
Chalan le Commerçant,Niv. 40 - 48,https://static.ankama.com/dofus-touch/www/img/../../../dofus-touch/www/game/monsters/200/2322.w52h52.png
Chamchie le Difficile,Niv. 24 - 32,https://static.ankama.com/dofus-touch/www/img/../../../dofus-touch/www/game/monsters/200/2323.w52h52.png
Chamdblé le Cultivé,Niv. 29 - 37,https://static.ankama.com/dofus-touch/www/img/../../../dofus-touch/www/game/monsters/200/2426.w52h52.png
Chamflay le Ballonné,Niv. 30 - 38,https://static.ankama.com/dofus-touch/www/img/../../../dofus-touch/www/game/monsters/200/2425.w52h52.png
Chamilero le Malchanceux,Niv. 167 - 175,https://static.ankama.com/dofus-touch/www/img/../../../dofus-touch/www/game/monsters/200/2553.w52h52.png
Chamitant le Dillettante,Niv. 50 - 58,https://static.ankama.com/dofus-touch/www/img/../../../dofus-touch/www/game/monsters/200/2423.w52h52.png
Chamoute le Duveteux,Niv. 173 - 181,https://static.ankama.com/dofus-touch/www/img/../../../dofus-touch/www/game/monsters/200/2552.w52h52.png
Champayr le Disjoncté,Niv. 32 - 40,https://static.ankama.com/dofus-touch/www/img/../../../dofus-touch/www/game/monsters/200/2427.w52h52.png
Champayt l'Odorant,Niv. 20 - 28,https://static.ankama.com/dofus-touch/www/img/../../../dofus-touch/www/game/monsters/200/2424.w52h52.png
Champmé le Méchant,Niv. 182 - 190,https://static.ankama.com/dofus-touch/www/img/../../../dofus-touch/www/game/monsters/200/2600.w52h52.png
Champolyon le Polyglotte,Niv. 179 - 187,https://static.ankama.com/dofus-touch/www/img/../../../dofus-touch/www/game/monsters/200/2551.w52h52.png
Champoul l'Illuminé,Niv. 176 - 184,https://static.ankama.com/dofus-touch/www/img/../../../dofus-touch/www/game/monsters/200/2373.w52h52.png
Chevaustine le Reconstruit,Niv. 27 - 35,https://static.ankama.com/dofus-touch/www/img/../../../dofus-touch/www/game/monsters/200/2430.w52h52.png
Chiendanlémin l'Illusionniste,Niv. 104 - 116,https://static.ankama.com/dofus-touch/www/img/../../../dofus-touch/www/game/monsters/200/2554.w52h52.png
Chonstip la Passagère,Niv. 58 - 62,https://static.ankama.com/dofus-touch/www/img/../../../dofus-touch/www/game/monsters/200/2325.w52h52.png
Codenlgaz le Problème,Niv. 35 - 47,https://static.ankama.com/dofus-touch/www/img/../../../dofus-touch/www/game/monsters/200/2433.w52h52.png
Corboyard l'Enigmatique,Niv. 48 - 60,https://static.ankama.com/dofus-touch/www/img/../../../dofus-touch/www/game/monsters/200/2555.w52h52.png
Corpat le Vampire,Niv. 24 - 36,https://static.ankama.com/dofus-touch/www/img/../../../dofus-touch/www/game/monsters/200/2437.w52h52.png
Crakmitaine le Faucheur,Niv. 55 - 67,https://static.ankama.com/dofus-touch/www/img/../../../dofus-touch/www/game/monsters/200/2436.w52h52.png
Cramikaz le Suicidaire,Niv. 59 - 71,https://static.ankama.com/dofus-touch/www/img/../../../dofus-touch/www/game/monsters/200/2438.w52h52.png
Craquetou le Fissuré,Niv. 40 - 52,https://static.ankama.com/dofus-touch/www/img/../../../dofus-touch/www/game/monsters/200/2556.w52h52.png
Craquetuss le Piquant,Niv. 50 - 58,https://static.ankama.com/dofus-touch/www/img/../../../dofus-touch/www/game/monsters/200/2326.w52h52.png
Craraboss le Féérique,Niv. 12 - 16,https://static.ankama.com/dofus-touch/www/img/../../../dofus-touch/www/game/monsters/200/2327.w52h52.png
Crathdogue le Cruel,Niv. 50 - 90,https://static.ankama.com/dofus-touch/www/img/../../../dofus-touch/www/game/monsters/200/2561.w52h52.png
Crognan le Barbare,Niv. 35,https://static.ankama.com/dofus-touch/www/img/../../../dofus-touch/www/game/monsters/200/2440.w52h52.png
Crok le Beau,Niv. 61 - 77,https://static.ankama.com/dofus-touch/www/img/../../../dofus-touch/www/game/monsters/200/2428.w52h52.png
Crolnareff l'Exilé,Niv. 42 - 50,https://static.ankama.com/dofus-touch/www/img/../../../dofus-touch/www/game/monsters/200/2439.w52h52.png
Cromikay le Néophyte,Niv. 35 - 43,https://static.ankama.com/dofus-touch/www/img/../../../dofus-touch/www/game/monsters/200/2378.w52h52.png
Cruskof le Rustre,Niv. 30 - 46,https://static.ankama.com/dofus-touch/www/img/../../../dofus-touch/www/game/monsters/200/2559.w52h52.png
Crusmeyer le Pervers,Niv. 30 - 46,https://static.ankama.com/dofus-touch/www/img/../../../dofus-touch/www/game/monsters/200/2560.w52h52.png
Crustensyl le Pragmatique,Niv. 30 - 46,https://static.ankama.com/dofus-touch/www/img/../../../dofus-touch/www/game/monsters/200/2558.w52h52.png
Crustterus l'Organique,Niv. 30 - 46,https://static.ankama.com/dofus-touch/www/img/../../../dofus-touch/www/game/monsters/200/2557.w52h52.png
Dardamel la Kidnappeuse,Niv. 129 - 137,https://static.ankama.com/dofus-touch/www/img/../../../dofus-touch/www/game/monsters/200/4352.w52h52.png
Diskord le Belliqueux,Niv. 79 - 99,https://static.ankama.com/dofus-touch/www/img/../../../dofus-touch/www/game/monsters/200/2562.w52h52.png
Doktopuss le Maléfique,Niv. 70 - 78,https://static.ankama.com/dofus-touch/www/img/../../../dofus-touch/www/game/monsters/200/2442.w52h52.png
Don Kizoth l'Obstiné,Niv. 112 - 148,https://static.ankama.com/dofus-touch/www/img/../../../dofus-touch/www/game/monsters/200/2578.w52h52.png
Dragalgan l'Effervescent,Niv. 84 - 108,https://static.ankama.com/dofus-touch/www/img/../../../dofus-touch/www/game/monsters/200/2455.w52h52.png
Dragdikal le Décisif,Niv. 100 - 120,https://static.ankama.com/dofus-touch/www/img/../../../dofus-touch/www/game/monsters/200/2464.w52h52.png
Drageaufol la Joyeuse,Niv. 110 - 122,https://static.ankama.com/dofus-touch/www/img/../../../dofus-touch/www/game/monsters/200/2460.w52h52.png
Dragioli le Succulent,Niv. 84 - 108,https://static.ankama.com/dofus-touch/www/img/../../../dofus-touch/www/game/monsters/200/2459.w52h52.png
Dragkouine la Magnifique,Niv. 60 - 68,https://static.ankama.com/dofus-touch/www/img/../../../dofus-touch/www/game/monsters/200/2450.w52h52.png
Draglida la Disparue,Niv. 55 - 67,https://static.ankama.com/dofus-touch/www/img/../../../dofus-touch/www/game/monsters/200/2379.w52h52.png
Dragma le Bouillant,Niv. 70 - 78,https://static.ankama.com/dofus-touch/www/img/../../../dofus-touch/www/game/monsters/200/2446.w52h52.png
Dragminster le Magicien,Niv. 110 - 122,https://static.ankama.com/dofus-touch/www/img/../../../dofus-touch/www/game/monsters/200/2454.w52h52.png
Dragmoclaiss le Fataliste,Niv. 60 - 68,https://static.ankama.com/dofus-touch/www/img/../../../dofus-touch/www/game/monsters/200/2372.w52h52.png
Dragnostik le Sceptique,Niv. 60 - 68,https://static.ankama.com/dofus-touch/www/img/../../../dofus-touch/www/game/monsters/200/2449.w52h52.png
Dragnoute l'Irascible,Niv. 60 - 72,https://static.ankama.com/dofus-touch/www/img/../../../dofus-touch/www/game/monsters/200/2465.w52h52.png
Dragobert le Monarque,Niv. 100 - 120,https://static.ankama.com/dofus-touch/www/img/../../../dofus-touch/www/game/monsters/200/2452.w52h52.png
Dragoeth le Penseur,Niv. 70 - 78,https://static.ankama.com/dofus-touch/www/img/../../../dofus-touch/www/game/monsters/200/2445.w52h52.png
Dragonienne l'Econome,Niv. 102 - 118,https://static.ankama.com/dofus-touch/www/img/../../../dofus-touch/www/game/monsters/200/2461.w52h52.png
Dragoo le Cramoisi,Niv. 70 - 78,https://static.ankama.com/dofus-touch/www/img/../../../dofus-touch/www/game/monsters/200/2448.w52h52.png
Dragsta le Détendu,Niv. 50 - 58,https://static.ankama.com/dofus-touch/www/img/../../../dofus-touch/www/game/monsters/200/2451.w52h52.png
Dragstayr le Fonceur,Niv. 60 - 68,https://static.ankama.com/dofus-touch/www/img/../../../dofus-touch/www/game/monsters/200/2377.w52h52.png
Dragstik le Frustre,Niv. 50 - 58,https://static.ankama.com/dofus-touch/www/img/../../../dofus-touch/www/game/monsters/200/2369.w52h52.png
Dragstore le Généraliste,Niv. 50 - 58,https://static.ankama.com/dofus-touch/www/img/../../../dofus-touch/www/game/monsters/200/2367.w52h52.png
Dragtarus le Bellâtre,Niv. 110 - 122,https://static.ankama.com/dofus-touch/www/img/../../../dofus-touch/www/game/monsters/200/2456.w52h52.png
Dragtonien le Malvoyant,Niv. 70 - 78,https://static.ankama.com/dofus-touch/www/img/../../../dofus-touch/www/game/monsters/200/2447.w52h52.png
Dragtopaile l'Excavateur,Niv. 84 - 108,https://static.ankama.com/dofus-touch/www/img/../../../dofus-touch/www/game/monsters/200/2453.w52h52.png
Dragtula l'Ancien,Niv. 50 - 58,https://static.ankama.com/dofus-touch/www/img/../../../dofus-touch/www/game/monsters/200/2368.w52h52.png
Dragybuss le Sucré,Niv. 84 - 108,https://static.ankama.com/dofus-touch/www/img/../../../dofus-touch/www/game/monsters/200/2457.w52h52.png
Drakolage le Tentateur,Niv. 90 - 98,https://static.ankama.com/dofus-touch/www/img/../../../dofus-touch/www/game/monsters/200/2462.w52h52.png
Draquetteur le Voleur,Niv. 110 - 122,https://static.ankama.com/dofus-touch/www/img/../../../dofus-touch/www/game/monsters/200/2458.w52h52.png
Ecorfé la Vive,Niv. 111 - 131,https://static.ankama.com/dofus-touch/www/img/../../../dofus-touch/www/game/monsters/200/2360.w52h52.png
Fandanleuil le Précis,Niv. 57 - 73,https://static.ankama.com/dofus-touch/www/img/../../../dofus-touch/www/game/monsters/200/2467.w52h52.png
Fanlabiz le Véloce,Niv. 57 - 73,https://static.ankama.com/dofus-touch/www/img/../../../dofus-touch/www/game/monsters/200/2466.w52h52.png
Fantoch le Pantin,Niv. 57 - 73,https://static.ankama.com/dofus-touch/www/img/../../../dofus-touch/www/game/monsters/200/2563.w52h52.png
Fantrask le Rêveur,Niv. 57 - 73,https://static.ankama.com/dofus-touch/www/img/../../../dofus-touch/www/game/monsters/200/2468.w52h52.png
Farlon l'Enfant,Niv. 90 - 98,https://static.ankama.com/dofus-touch/www/img/../../../dofus-touch/www/game/monsters/200/2432.w52h52.png
Faufoll la Joyeuse,Niv. 108 - 120,https://static.ankama.com/dofus-touch/www/img/../../../dofus-touch/www/game/monsters/200/2567.w52h52.png
Floanna la Blonde,Niv. 116 - 136,https://static.ankama.com/dofus-touch/www/img/../../../dofus-touch/www/game/monsters/200/2565.w52h52.png
Forboyar l'Enigmatique,Niv. 41 - 53,https://static.ankama.com/dofus-touch/www/img/../../../dofus-touch/www/game/monsters/200/2328.w52h52.png
Fossamoel le Juteux,Niv. 100 - 112,https://static.ankama.com/dofus-touch/www/img/../../../dofus-touch/www/game/monsters/200/2482.w52h52.png
Fourapin le Chaud,Niv. 82 - 90,https://static.ankama.com/dofus-touch/www/img/../../../dofus-touch/www/game/monsters/200/2484.w52h52.png
Gargantua la Dévoreuse,Niv. 131 - 139,https://static.ankama.com/dofus-touch/www/img/../../../dofus-touch/www/game/monsters/200/4350.w52h52.png
Garsim le Mort,Niv. 41 - 49,https://static.ankama.com/dofus-touch/www/img/../../../dofus-touch/www/game/monsters/200/2486.w52h52.png
Gastroth la Contagieuse,Niv. 91 - 111,https://static.ankama.com/dofus-touch/www/img/../../../dofus-touch/www/game/monsters/200/2566.w52h52.png
Gelanal le Huileux,Niv. 46 - 62,https://static.ankama.com/dofus-touch/www/img/../../../dofus-touch/www/game/monsters/200/2487.w52h52.png
Gelaviv le Glaçon,Niv. 54 - 62,https://static.ankama.com/dofus-touch/www/img/../../../dofus-touch/www/game/monsters/200/2376.w52h52.png
Geloliaine l'Aérien,Niv. 50 - 62,https://static.ankama.com/dofus-touch/www/img/../../../dofus-touch/www/game/monsters/200/2371.w52h52.png
Germinol l'Indigent,Niv. 120 - 128,https://static.ankama.com/dofus-touch/www/img/../../../dofus-touch/www/game/monsters/200/2568.w52h52.png
Ginsenk le Stimulant,Niv. 35 - 47,https://static.ankama.com/dofus-touch/www/img/../../../dofus-touch/www/game/monsters/200/2493.w52h52.png
Gloubibou le Gars,Niv. 80 - 88,https://static.ankama.com/dofus-touch/www/img/../../../dofus-touch/www/game/monsters/200/2495.w52h52.png
Gobstiniais le Têtu,Niv. 20 - 24,https://static.ankama.com/dofus-touch/www/img/../../../dofus-touch/www/game/monsters/200/2494.w52h52.png
Grandilok le Clameur,Niv. 52 - 60,https://static.ankama.com/dofus-touch/www/img/../../../dofus-touch/www/game/monsters/200/2498.w52h52.png
Grokosto le Bosco,Niv. 42 - 50,https://static.ankama.com/dofus-touch/www/img/../../../dofus-touch/www/game/monsters/200/2292.w52h52.png
Guerrite le Veilleur,Niv. 100 - 112,https://static.ankama.com/dofus-touch/www/img/../../../dofus-touch/www/game/monsters/200/2497.w52h52.png
Guerumoth le Collant,Niv. 83 - 119,https://static.ankama.com/dofus-touch/www/img/../../../dofus-touch/www/game/monsters/200/2569.w52h52.png
Kaenekfeu le volubile,Niv. 201 - 209,https://static.ankama.com/dofus-touch/www/img/../../../dofus-touch/www/game/monsters/200/4461.w52h52.png
Kanasukr le Mielleux,Niv. 60 - 68,https://static.ankama.com/dofus-touch/www/img/../../../dofus-touch/www/game/monsters/200/2503.w52h52.png
Kannémik le Maigre,Niv. 53 - 61,https://static.ankama.com/dofus-touch/www/img/../../../dofus-touch/www/game/monsters/200/2505.w52h52.png
Kannibal le Lecteur,Niv. 53 - 61,https://static.ankama.com/dofus-touch/www/img/../../../dofus-touch/www/game/monsters/200/2502.w52h52.png
Kannisterik le Forcené,Niv. 53 - 61,https://static.ankama.com/dofus-touch/www/img/../../../dofus-touch/www/game/monsters/200/2506.w52h52.png
Kapota la Fraise,Niv. 53 - 61,https://static.ankama.com/dofus-touch/www/img/../../../dofus-touch/www/game/monsters/200/2507.w52h52.png
Kaskapointhe la Couverte,Niv. 146 - 162,https://static.ankama.com/dofus-touch/www/img/../../../dofus-touch/www/game/monsters/200/2570.w52h52.png
Kido l'Âtre,Niv. 53 - 89,https://static.ankama.com/dofus-touch/www/img/../../../dofus-touch/www/game/monsters/200/2571.w52h52.png
Kilimanj'haro le Grimpeur,Niv. 54 - 90,https://static.ankama.com/dofus-touch/www/img/../../../dofus-touch/www/game/monsters/200/2572.w52h52.png
Kiroyal le Sirupeux,Niv. 35 - 47,https://static.ankama.com/dofus-touch/www/img/../../../dofus-touch/www/game/monsters/200/2508.w52h52.png
Koakofrui le Confit,Niv. 80 - 88,https://static.ankama.com/dofus-touch/www/img/../../../dofus-touch/www/game/monsters/200/2516.w52h52.png
Koalaboi le Calorifère,Niv. 104 - 116,https://static.ankama.com/dofus-touch/www/img/../../../dofus-touch/www/game/monsters/200/2514.w52h52.png
Koalastrof la Naturelle,Niv. 60 - 68,https://static.ankama.com/dofus-touch/www/img/../../../dofus-touch/www/game/monsters/200/2517.w52h52.png
Koalvissie le Chauve,Niv. 102 - 114,https://static.ankama.com/dofus-touch/www/img/../../../dofus-touch/www/game/monsters/200/2519.w52h52.png
Koamaembair le Coulant,Niv. 80 - 88,https://static.ankama.com/dofus-touch/www/img/../../../dofus-touch/www/game/monsters/200/2513.w52h52.png
Koamag'oel le Défiguré,Niv. 102 - 114,https://static.ankama.com/dofus-touch/www/img/../../../dofus-touch/www/game/monsters/200/2429.w52h52.png
Koarmit la Batracienne,Niv. 80 - 88,https://static.ankama.com/dofus-touch/www/img/../../../dofus-touch/www/game/monsters/200/2518.w52h52.png
Koaskette la Chapelière,Niv. 80 - 88,https://static.ankama.com/dofus-touch/www/img/../../../dofus-touch/www/game/monsters/200/2509.w52h52.png
Koasossyal le Psychopathe,Niv. 80 - 88,https://static.ankama.com/dofus-touch/www/img/../../../dofus-touch/www/game/monsters/200/2515.w52h52.png
Koktèle le Secoué,Niv. 40 - 44,https://static.ankama.com/dofus-touch/www/img/../../../dofus-touch/www/game/monsters/200/2573.w52h52.png
Kolforthe l'Indécollable,Niv. 25 - 33,https://static.ankama.com/dofus-touch/www/img/../../../dofus-touch/www/game/monsters/200/2520.w52h52.png
Krapahut le Randonneur,Niv. 110 - 118,https://static.ankama.com/dofus-touch/www/img/../../../dofus-touch/www/game/monsters/200/2521.w52h52.png
Kwoanneur le Frimeur,Niv. 26 - 34,https://static.ankama.com/dofus-touch/www/img/../../../dofus-touch/www/game/monsters/200/2522.w52h52.png
Larchimaide la Poussée,Niv. 30 - 38,https://static.ankama.com/dofus-touch/www/img/../../../dofus-touch/www/game/monsters/200/2332.w52h52.png
Larvapstrè le Subjectif,Niv. 32 - 40,https://static.ankama.com/dofus-touch/www/img/../../../dofus-touch/www/game/monsters/200/2331.w52h52.png
Larvonika l'Instrument,Niv. 29 - 37,https://static.ankama.com/dofus-touch/www/img/../../../dofus-touch/www/game/monsters/200/2574.w52h52.png
Let le Rond,Niv. 35 - 47,https://static.ankama.com/dofus-touch/www/img/../../../dofus-touch/www/game/monsters/200/2525.w52h52.png
Maître Amboat le Moqueur,Niv. 37 - 49,https://static.ankama.com/dofus-touch/www/img/../../../dofus-touch/www/game/monsters/200/2532.w52h52.png
Maître Koantik le Théoricien,Niv. 108 - 120,https://static.ankama.com/dofus-touch/www/img/../../../dofus-touch/www/game/monsters/200/2531.w52h52.png
Maître Onom le Régulier,Niv. 60 - 68,https://static.ankama.com/dofus-touch/www/img/../../../dofus-touch/www/game/monsters/200/2359.w52h52.png
Mamakomou l'Âge,Niv. 90 - 98,https://static.ankama.com/dofus-touch/www/img/../../../dofus-touch/www/game/monsters/200/2528.w52h52.png
Mandalo l'Aqueuse,Niv. 110 - 118,https://static.ankama.com/dofus-touch/www/img/../../../dofus-touch/www/game/monsters/200/2529.w52h52.png
Marude l'ensablé,Niv. 201 - 209,https://static.ankama.com/dofus-touch/www/img/../../../dofus-touch/www/game/monsters/200/4465.w52h52.png
Meuroup le Prêtre,Niv. 143 - 155,https://static.ankama.com/dofus-touch/www/img/../../../dofus-touch/www/game/monsters/200/2577.w52h52.png
Milipatte la Griffe,Niv. 24 - 32,https://static.ankama.com/dofus-touch/www/img/../../../dofus-touch/www/game/monsters/200/2333.w52h52.png
Minoskour le Sauveur,Niv. 110 - 118,https://static.ankama.com/dofus-touch/www/img/../../../dofus-touch/www/game/monsters/200/2533.w52h52.png
Minsinistre l'Elu,Niv. 39 - 51,https://static.ankama.com/dofus-touch/www/img/../../../dofus-touch/www/game/monsters/200/2335.w52h52.png
Momikonos la Bandelette,Niv. 106 - 118,https://static.ankama.com/dofus-touch/www/img/../../../dofus-touch/www/game/monsters/200/2534.w52h52.png
Mosketère le Dévoué,Niv. 45 - 49,https://static.ankama.com/dofus-touch/www/img/../../../dofus-touch/www/game/monsters/200/2336.w52h52.png
Mufguedin le Suprême,Niv. 62 - 78,https://static.ankama.com/dofus-touch/www/img/../../../dofus-touch/www/game/monsters/200/2580.w52h52.png
Muloufok l'Hilarant,Niv. 92 - 100,https://static.ankama.com/dofus-touch/www/img/../../../dofus-touch/www/game/monsters/200/2337.w52h52.png
Nakuneuye le Borgne,Niv. 51 - 75,https://static.ankama.com/dofus-touch/www/img/../../../dofus-touch/www/game/monsters/200/2538.w52h52.png
Nanashi le virtuose,Niv. 200 - 208,https://static.ankama.com/dofus-touch/www/img/../../../dofus-touch/www/game/monsters/200/4463.w52h52.png
Nelvin le Boulet,Niv. 35 - 47,https://static.ankama.com/dofus-touch/www/img/../../../dofus-touch/www/game/monsters/200/2539.w52h52.png
Nerdeubeu le Flagellant,Niv. 104 - 120,https://static.ankama.com/dofus-touch/www/img/../../../dofus-touch/www/game/monsters/200/2579.w52h52.png
Nipulnislip l'Exhibitionniste,Niv. 35 - 47,https://static.ankama.com/dofus-touch/www/img/../../../dofus-touch/www/game/monsters/200/2540.w52h52.png
NodKoku le Trahi,Niv. 40 - 44,https://static.ankama.com/dofus-touch/www/img/../../../dofus-touch/www/game/monsters/200/2541.w52h52.png
Onistérique le déchainé,Niv. 203 - 211,https://static.ankama.com/dofus-touch/www/img/../../../dofus-touch/www/game/monsters/200/4457.w52h52.png
Osuxion le Vampirique,Niv. 35 - 47,https://static.ankama.com/dofus-touch/www/img/../../../dofus-touch/www/game/monsters/200/2585.w52h52.png
Ouashouash l'Exubérant,Niv. 85 - 101,https://static.ankama.com/dofus-touch/www/img/../../../dofus-touch/www/game/monsters/200/2575.w52h52.png
Ouassébo l'Esthète,Niv. 44 - 48,https://static.ankama.com/dofus-touch/www/img/../../../dofus-touch/www/game/monsters/200/2524.w52h52.png
Ouature la Mobile,Niv. 42 - 50,https://static.ankama.com/dofus-touch/www/img/../../../dofus-touch/www/game/monsters/200/2616.w52h52.png
Ougaould le Parasite,Niv. 45 - 57,https://static.ankama.com/dofus-touch/www/img/../../../dofus-touch/www/game/monsters/200/2589.w52h52.png
Palmbytch la Bronzée,Niv. 28 - 60,https://static.ankama.com/dofus-touch/www/img/../../../dofus-touch/www/game/monsters/200/2581.w52h52.png
Palmiche le Serein,Niv. 28 - 60,https://static.ankama.com/dofus-touch/www/img/../../../dofus-touch/www/game/monsters/200/2583.w52h52.png
Palmiflette le Convivial,Niv. 28 - 60,https://static.ankama.com/dofus-touch/www/img/../../../dofus-touch/www/game/monsters/200/2584.w52h52.png
Palmito le Menteur,Niv. 28 - 60,https://static.ankama.com/dofus-touch/www/img/../../../dofus-touch/www/game/monsters/200/2582.w52h52.png
Pékeutar le Tireur,Niv. 80 - 88,https://static.ankama.com/dofus-touch/www/img/../../../dofus-touch/www/game/monsters/200/2271.w52h52.png
Pichakoté le Dégoutant,Niv. 31 - 39,https://static.ankama.com/dofus-touch/www/img/../../../dofus-touch/www/game/monsters/200/2272.w52h52.png
Pichdourse le Puissant,Niv. 32 - 40,https://static.ankama.com/dofus-touch/www/img/../../../dofus-touch/www/game/monsters/200/2338.w52h52.png
Pichduitre le Totem,Niv. 34 - 42,https://static.ankama.com/dofus-touch/www/img/../../../dofus-touch/www/game/monsters/200/2346.w52h52.png
Picht le Brioché,Niv. 25 - 45,https://static.ankama.com/dofus-touch/www/img/../../../dofus-touch/www/game/monsters/200/2339.w52h52.png
Pichtoire l'Erudit,Niv. 32 - 40,https://static.ankama.com/dofus-touch/www/img/../../../dofus-touch/www/game/monsters/200/2340.w52h52.png
Pioufe la Maquillée,Niv. 22 - 30,https://static.ankama.com/dofus-touch/www/img/../../../dofus-touch/www/game/monsters/200/2343.w52h52.png
Pioukas la Plante,Niv. 20 - 28,https://static.ankama.com/dofus-touch/www/img/../../../dofus-touch/www/game/monsters/200/2345.w52h52.png
Pioulbrineur le Mercenaire,Niv. 20 - 28,https://static.ankama.com/dofus-touch/www/img/../../../dofus-touch/www/game/monsters/200/2342.w52h52.png
Pioulette la Coquine,Niv. 20 - 28,https://static.ankama.com/dofus-touch/www/img/../../../dofus-touch/www/game/monsters/200/2344.w52h52.png
Pioussokrim le Délétère,Niv. 21 - 29,https://static.ankama.com/dofus-touch/www/img/../../../dofus-touch/www/game/monsters/200/2347.w52h52.png
Pioustone le Problème,Niv. 20 - 28,https://static.ankama.com/dofus-touch/www/img/../../../dofus-touch/www/game/monsters/200/2341.w52h52.png
Piradain le Pingre,Niv. 71 - 79,https://static.ankama.com/dofus-touch/www/img/../../../dofus-touch/www/game/monsters/200/2270.w52h52.png
Pissdane l'Insipide,Niv. 26 - 34,https://static.ankama.com/dofus-touch/www/img/../../../dofus-touch/www/game/monsters/200/2348.w52h52.png
Poolopo la Traditionnelle,Niv. 142 - 158,https://static.ankama.com/dofus-touch/www/img/../../../dofus-touch/www/game/monsters/200/2383.w52h52.png
Porfavor le Quémandeur,Niv. 55 - 59,https://static.ankama.com/dofus-touch/www/img/../../../dofus-touch/www/game/monsters/200/2397.w52h52.png
Preskapwal le Tendancieux,Niv. 22 - 30,https://static.ankama.com/dofus-touch/www/img/../../../dofus-touch/www/game/monsters/200/2349.w52h52.png
Radoutable le Craint,Niv. 16 - 20,https://static.ankama.com/dofus-touch/www/img/../../../dofus-touch/www/game/monsters/200/2350.w52h52.png
Ratatouille le Cuisinier,Niv. 17 - 25,https://static.ankama.com/dofus-touch/www/img/../../../dofus-touch/www/game/monsters/200/2334.w52h52.png
Ratéhaifaim le Professeur,Niv. 60 - 68,https://static.ankama.com/dofus-touch/www/img/../../../dofus-touch/www/game/monsters/200/2275.w52h52.png
Ratlbol l'Aigri,Niv. 52 - 68,https://static.ankama.com/dofus-touch/www/img/../../../dofus-touch/www/game/monsters/200/2273.w52h52.png
Rauligo le Sale,Niv. 40 - 80,https://static.ankama.com/dofus-touch/www/img/../../../dofus-touch/www/game/monsters/200/2351.w52h52.png
Ribibi le Cher,Niv. 34 - 42,https://static.ankama.com/dofus-touch/www/img/../../../dofus-touch/www/game/monsters/200/2276.w52h52.png
Rostensyl la Cuisinière,Niv. 19 - 27,https://static.ankama.com/dofus-touch/www/img/../../../dofus-touch/www/game/monsters/200/2277.w52h52.png
Roy le Merlin,Niv. 192 - 200,https://static.ankama.com/dofus-touch/www/img/../../../dofus-touch/www/game/monsters/200/2614.w52h52.png
Roz la Magicienne,Niv. 25 - 33,https://static.ankama.com/dofus-touch/www/img/../../../dofus-touch/www/game/monsters/200/2352.w52h52.png
Sakkado la transporteuse,Niv. 204 - 212,https://static.ankama.com/dofus-touch/www/img/../../../dofus-touch/www/game/monsters/200/4459.w52h52.png
Saltoavan la Gymnaste,Niv. 133 - 141,https://static.ankama.com/dofus-touch/www/img/../../../dofus-touch/www/game/monsters/200/4348.w52h52.png
Sampi l'Eternel,Niv. 56 - 64,https://static.ankama.com/dofus-touch/www/img/../../../dofus-touch/www/game/monsters/200/2279.w52h52.png
Sangria le Fruité,Niv. 20 - 28,https://static.ankama.com/dofus-touch/www/img/../../../dofus-touch/www/game/monsters/200/2353.w52h52.png
Scapé l'Epée,Niv. 34 - 42,https://static.ankama.com/dofus-touch/www/img/../../../dofus-touch/www/game/monsters/200/2280.w52h52.png
Scaramel le Fondant,Niv. 34 - 42,https://static.ankama.com/dofus-touch/www/img/../../../dofus-touch/www/game/monsters/200/2283.w52h52.png
Scaratyn l'huitre,Niv. 110 - 118,https://static.ankama.com/dofus-touch/www/img/../../../dofus-touch/www/game/monsters/200/2615.w52h52.png
Scarfayss le Balafré,Niv. 34 - 42,https://static.ankama.com/dofus-touch/www/img/../../../dofus-touch/www/game/monsters/200/2281.w52h52.png
Scarouarze l'Epopée,Niv. 34 - 42,https://static.ankama.com/dofus-touch/www/img/../../../dofus-touch/www/game/monsters/200/2282.w52h52.png
Scorpitène l'Enflammé,Niv. 30 - 42,https://static.ankama.com/dofus-touch/www/img/../../../dofus-touch/www/game/monsters/200/2285.w52h52.png
Seripoth l'Ennemi,Niv. 102 - 130,https://static.ankama.com/dofus-touch/www/img/../../../dofus-touch/www/game/monsters/200/2587.w52h52.png
Serpistule le Purulent,Niv. 120 - 128,https://static.ankama.com/dofus-touch/www/img/../../../dofus-touch/www/game/monsters/200/2287.w52h52.png
Sourizoto le Collant,Niv. 45 - 49,https://static.ankama.com/dofus-touch/www/img/../../../dofus-touch/www/game/monsters/200/2354.w52h52.png
Sparoket le Lanceur,Niv. 48 - 80,https://static.ankama.com/dofus-touch/www/img/../../../dofus-touch/www/game/monsters/200/2588.w52h52.png
Susbewl l'Hypocrite,Niv. 35 - 47,https://static.ankama.com/dofus-touch/www/img/../../../dofus-touch/www/game/monsters/200/2289.w52h52.png
Tiwalpé le Dévêtu,Niv. 41 - 49,https://static.ankama.com/dofus-touch/www/img/../../../dofus-touch/www/game/monsters/200/2293.w52h52.png
Tiwa'Missou le Gateux,Niv. 42 - 50,https://static.ankama.com/dofus-touch/www/img/../../../dofus-touch/www/game/monsters/200/2402.w52h52.png
Tiwoflan le Lâche,Niv. 40 - 48,https://static.ankama.com/dofus-touch/www/img/../../../dofus-touch/www/game/monsters/200/2294.w52h52.png
Tofuldebeu l'Explosif,Niv. 36 - 40,https://static.ankama.com/dofus-touch/www/img/../../../dofus-touch/www/game/monsters/200/2355.w52h52.png
Tofumanchou l'Empereur,Niv. 22 - 30,https://static.ankama.com/dofus-touch/www/img/../../../dofus-touch/www/game/monsters/200/2357.w52h52.png
Tofurapin le Pétri,Niv. 15 - 23,https://static.ankama.com/dofus-touch/www/img/../../../dofus-touch/www/game/monsters/200/2356.w52h52.png
Tortenssia la Fleurie,Niv. 17 - 21,https://static.ankama.com/dofus-touch/www/img/../../../dofus-touch/www/game/monsters/200/2295.w52h52.png
Torthur la Lutte,Niv. 16 - 20,https://static.ankama.com/dofus-touch/www/img/../../../dofus-touch/www/game/monsters/200/2298.w52h52.png
Tortilleur le Coulé,Niv. 20 - 24,https://static.ankama.com/dofus-touch/www/img/../../../dofus-touch/www/game/monsters/200/2296.w52h52.png
Tortorak le Cornu,Niv. 18 - 22,https://static.ankama.com/dofus-touch/www/img/../../../dofus-touch/www/game/monsters/200/2297.w52h52.png
Toufou le Benêt,Niv. 50 - 90,https://static.ankama.com/dofus-touch/www/img/../../../dofus-touch/www/game/monsters/200/2547.w52h52.png
Tourbiket le Virevoletant,Niv. 93 - 121,https://static.ankama.com/dofus-touch/www/img/../../../dofus-touch/www/game/monsters/200/2361.w52h52.png
Tour le Vice,Niv. 27 - 35,https://static.ankama.com/dofus-touch/www/img/../../../dofus-touch/www/game/monsters/200/2358.w52h52.png
Toutouf le Velu,Niv. 144 - 160,https://static.ankama.com/dofus-touch/www/img/../../../dofus-touch/www/game/monsters/200/2382.w52h52.png
Tromplamor le Survivant,Niv. 170 - 178,https://static.ankama.com/dofus-touch/www/img/../../../dofus-touch/www/game/monsters/200/2601.w52h52.png
Tronkoneuz la Tranchante,Niv. 39 - 47,https://static.ankama.com/dofus-touch/www/img/../../../dofus-touch/www/game/monsters/200/2299.w52h52.png
Trooyé l'Oxydé,Niv. 93 - 101,https://static.ankama.com/dofus-touch/www/img/../../../dofus-touch/www/game/monsters/200/2300.w52h52.png
Trukul le Lent,Niv. 79 - 87,https://static.ankama.com/dofus-touch/www/img/../../../dofus-touch/www/game/monsters/200/2301.w52h52.png
Vampunor le Glacial,Niv. 29 - 41,https://static.ankama.com/dofus-touch/www/img/../../../dofus-touch/www/game/monsters/200/2302.w52h52.png
Wabbitud le Constant,Niv. 44 - 52,https://static.ankama.com/dofus-touch/www/img/../../../dofus-touch/www/game/monsters/200/2304.w52h52.png
Wagnagnah le Sanglant,Niv. 46 - 54,https://static.ankama.com/dofus-touch/www/img/../../../dofus-touch/www/game/monsters/200/2403.w52h52.png
Wara l'Amer,Niv. 106 - 118,https://static.ankama.com/dofus-touch/www/img/../../../dofus-touch/www/game/monsters/200/2307.w52h52.png
Warkolad l'Etreinte,Niv. 74 - 82,https://static.ankama.com/dofus-touch/www/img/../../../dofus-touch/www/game/monsters/200/2306.w52h52.png
Watdogue le Bien Nommé,Niv. 48 - 56,https://static.ankama.com/dofus-touch/www/img/../../../dofus-touch/www/game/monsters/200/2305.w52h52.png
Wokènrôl le Danseur,Niv. 52 - 60,https://static.ankama.com/dofus-touch/www/img/../../../dofus-touch/www/game/monsters/200/2308.w52h52.png
