name,level,url_image,local_image
Aboudbra le Porteur,Niv. 35 - 47,https://static.ankama.com/dofus-touch/www/img/../../../dofus-touch/www/game/monsters/200/2384.w52h52.png,download/Images/Aboudbra_le_Porteur.png
Abrakadnuzar,Niv. 40 - 52,https://static.ankama.com/dofus-touch/www/img/../../../dofus-touch/www/game/monsters/200/2385.w52h52.png,download/Images/Abrakadnuzar.png
Abrakanette l'Encapsulé,Niv. 78 - 90,https://static.ankama.com/dofus-touch/www/img/../../../dofus-touch/www/game/monsters/200/2388.w52h52.png,download/Images/Abrakanette_l'Encapsulé.png
Abrakildas le Vénérable,Niv. 74 - 86,https://static.ankama.com/dofus-touch/www/img/../../../dofus-touch/www/game/monsters/200/2389.w52h52.png,download/Images/Abrakildas_le_Vénérable.png
Abrakine le Sombre,Niv. 125 - 145,https://static.ankama.com/dofus-touch/www/img/../../../dofus-touch/www/game/monsters/200/2544.w52h52.png,download/Images/Abrakine_le_Sombre.png
Abraklette le Fondant,Niv. 80 - 92,https://static.ankama.com/dofus-touch/www/img/../../../dofus-touch/www/game/monsters/200/2386.w52h52.png,download/Images/Abraklette_le_Fondant.png
Abrakroc l'édenté,Niv. 38 - 50,https://static.ankama.com/dofus-touch/www/img/../../../dofus-touch/www/game/monsters/200/2309.w52h52.png,download/Images/Abrakroc_l'édenté.png
Abrinos le Clair,Niv. 150 - 162,https://static.ankama.com/dofus-touch/www/img/../../../dofus-touch/www/game/monsters/200/2381.w52h52.png,download/Images/Abrinos_le_Clair.png
Ameur la Laide,Niv. 35 - 47,https://static.ankama.com/dofus-touch/www/img/../../../dofus-touch/www/game/monsters/200/2391.w52h52.png,download/Images/Ameur_la_Laide.png
Arabord la Cruche,Niv. 40 - 48,https://static.ankama.com/dofus-touch/www/img/../../../dofus-touch/www/game/monsters/200/2311.w52h52.png,download/Images/Arabord_la_Cruche.png
Arachitik la Souffreteuse,Niv. 19 - 23,https://static.ankama.com/dofus-touch/www/img/../../../dofus-touch/www/game/monsters/200/2312.w52h52.png,download/Images/Arachitik_la_Souffreteuse.png
Arakazam la Psychique,Niv. 132 - 140,https://static.ankama.com/dofus-touch/www/img/../../../dofus-touch/www/game/monsters/200/4346.w52h52.png,download/Images/Arakazam_la_Psychique.png
Araknay la Galopante,Niv. 14 - 18,https://static.ankama.com/dofus-touch/www/img/../../../dofus-touch/www/game/monsters/200/2393.w52h52.png,download/Images/Araknay_la_Galopante.png
Arakule la Revancharde,Niv. 51 - 55,https://static.ankama.com/dofus-touch/www/img/../../../dofus-touch/www/game/monsters/200/2310.w52h52.png,download/Images/Arakule_la_Revancharde.png
Arapliké la Calligraphe,Niv. 130 - 138,https://static.ankama.com/dofus-touch/www/img/../../../dofus-touch/www/game/monsters/200/4354.w52h52.png,download/Images/Arapliké_la_Calligraphe.png
Bandapar l'Exclu,Niv. 22 - 30,https://static.ankama.com/dofus-touch/www/img/../../../dofus-touch/www/game/monsters/200/2313.w52h52.png,download/Images/Bandapar_l'Exclu.png
Bandson le Tonitruant,Niv. 37 - 49,https://static.ankama.com/dofus-touch/www/img/../../../dofus-touch/www/game/monsters/200/2314.w52h52.png,download/Images/Bandson_le_Tonitruant.png
Barchwork le Multicolore,Niv. 37 - 49,https://static.ankama.com/dofus-touch/www/img/../../../dofus-touch/www/game/monsters/200/2417.w52h52.png,download/Images/Barchwork_le_Multicolore.png
Barebourd le Comte,Niv. 52 - 80,https://static.ankama.com/dofus-touch/www/img/../../../dofus-touch/www/game/monsters/200/2545.w52h52.png,download/Images/Barebourd_le_Comte.png
Bi le Partageur,Niv. 24 - 28,https://static.ankama.com/dofus-touch/www/img/../../../dofus-touch/www/game/monsters/200/2400.w52h52.png,download/Images/Bi_le_Partageur.png
Bilvoezé le Bonimenteur,Niv. 24 - 28,https://static.ankama.com/dofus-touch/www/img/../../../dofus-touch/www/game/monsters/200/2399.w52h52.png,download/Images/Bilvoezé_le_Bonimenteur.png
Bistou le Quêteur,Niv. 24 - 28,https://static.ankama.com/dofus-touch/www/img/../../../dofus-touch/www/game/monsters/200/2396.w52h52.png,download/Images/Bistou_le_Quêteur.png
Bistou le Rieur,Niv. 24 - 28,https://static.ankama.com/dofus-touch/www/img/../../../dofus-touch/www/game/monsters/200/2401.w52h52.png,download/Images/Bistou_le_Rieur.png
Bitoven le Musicien,Niv. 117 - 141,https://static.ankama.com/dofus-touch/www/img/../../../dofus-touch/www/game/monsters/200/2546.w52h52.png,download/Images/Bitoven_le_Musicien.png
Blof l'Apathique,Niv. 50 - 58,https://static.ankama.com/dofus-touch/www/img/../../../dofus-touch/www/game/monsters/200/2407.w52h52.png,download/Images/Blof_l'Apathique.png
Bloporte le Veule,Niv. 50 - 58,https://static.ankama.com/dofus-touch/www/img/../../../dofus-touch/www/game/monsters/200/2406.w52h52.png,download/Images/Bloporte_le_Veule.png
Blordur l'Infect,Niv. 50 - 58,https://static.ankama.com/dofus-touch/www/img/../../../dofus-touch/www/game/monsters/200/2405.w52h52.png,download/Images/Blordur_l'Infect.png
Blorie L'assourdissante,Niv. 50 - 58,https://static.ankama.com/dofus-touch/www/img/../../../dofus-touch/www/game/monsters/200/2404.w52h52.png,download/Images/Blorie_L'assourdissante.png
Boombata le Garde,Niv. 39 - 63,https://static.ankama.com/dofus-touch/www/img/../../../dofus-touch/www/game/monsters/200/2408.w52h52.png,download/Images/Boombata_le_Garde.png
Boostif l'Affamé,Niv. 25 - 29,https://static.ankama.com/dofus-touch/www/img/../../../dofus-touch/www/game/monsters/200/2549.w52h52.png,download/Images/Boostif_l'Affamé.png
Boudalf le Blanc,Niv. 50 - 58,https://static.ankama.com/dofus-touch/www/img/../../../dofus-touch/www/game/monsters/200/2315.w52h52.png,download/Images/Boudalf_le_Blanc.png
Boudur le Raide,Niv. 35 - 47,https://static.ankama.com/dofus-touch/www/img/../../../dofus-touch/www/game/monsters/200/2318.w52h52.png,download/Images/Boudur_le_Raide.png
Boufdégou le Refoulant,Niv. 51 - 55,https://static.ankama.com/dofus-touch/www/img/../../../dofus-touch/www/game/monsters/200/2317.w52h52.png,download/Images/Boufdégou_le_Refoulant.png
Bouflet le Puéril,Niv. 52 - 60,https://static.ankama.com/dofus-touch/www/img/../../../dofus-touch/www/game/monsters/200/2324.w52h52.png,download/Images/Bouflet_le_Puéril.png
Boulgourvil le Lointain,Niv. 53 - 57,https://static.ankama.com/dofus-touch/www/img/../../../dofus-touch/www/game/monsters/200/2316.w52h52.png,download/Images/Boulgourvil_le_Lointain.png
Bouliver le Géant,Niv. 87 - 107,https://static.ankama.com/dofus-touch/www/img/../../../dofus-touch/www/game/monsters/200/2363.w52h52.png,download/Images/Bouliver_le_Géant.png
Bourdilleu le Social,Niv. 58 - 66,https://static.ankama.com/dofus-touch/www/img/../../../dofus-touch/www/game/monsters/200/2286.w52h52.png,download/Images/Bourdilleu_le_Social.png
Brouste l'Humiliant,Niv. 109 - 125,https://static.ankama.com/dofus-touch/www/img/../../../dofus-touch/www/game/monsters/200/2550.w52h52.png,download/Images/Brouste_l'Humiliant.png
Bworkasse le Dégoutant,Niv. 44 - 56,https://static.ankama.com/dofus-touch/www/img/../../../dofus-touch/www/game/monsters/200/2416.w52h52.png,download/Images/Bworkasse_le_Dégoutant.png
Bwormage le Respectueux,Niv. 39 - 51,https://static.ankama.com/dofus-touch/www/img/../../../dofus-touch/www/game/monsters/200/2418.w52h52.png,download/Images/Bwormage_le_Respectueux.png
Caboume l'Artilleur,Niv. 51 - 75,https://static.ankama.com/dofus-touch/www/img/../../../dofus-touch/www/game/monsters/200/2419.w52h52.png,download/Images/Caboume_l'Artilleur.png
Cavordemal le Sorcier,Niv. 57 - 65,https://static.ankama.com/dofus-touch/www/img/../../../dofus-touch/www/game/monsters/200/2420.w52h52.png,download/Images/Cavordemal_le_Sorcier.png
Chafalfer l'Optimiste,Niv. 25 - 37,https://static.ankama.com/dofus-touch/www/img/../../../dofus-touch/www/game/monsters/200/2321.w52h52.png,download/Images/Chafalfer_l'Optimiste.png
Chafemal le Bagarreur,Niv. 32 - 40,https://static.ankama.com/dofus-touch/www/img/../../../dofus-touch/www/game/monsters/200/2319.w52h52.png,download/Images/Chafemal_le_Bagarreur.png
Chaffoin le Sournois,Niv. 33 - 41,https://static.ankama.com/dofus-touch/www/img/../../../dofus-touch/www/game/monsters/200/2421.w52h52.png,download/Images/Chaffoin_le_Sournois.png
Chafmarcel le Fêtard,Niv. 40 - 48,https://static.ankama.com/dofus-touch/www/img/../../../dofus-touch/www/game/monsters/200/2320.w52h52.png,download/Images/Chafmarcel_le_Fêtard.png
Chafrit le Barbare,Niv. 40 - 52,https://static.ankama.com/dofus-touch/www/img/../../../dofus-touch/www/game/monsters/200/2422.w52h52.png,download/Images/Chafrit_le_Barbare.png
Chalan le Commerçant,Niv. 40 - 48,https://static.ankama.com/dofus-touch/www/img/../../../dofus-touch/www/game/monsters/200/2322.w52h52.png,download/Images/Chalan_le_Commerçant.png
Chamchie le Difficile,Niv. 24 - 32,https://static.ankama.com/dofus-touch/www/img/../../../dofus-touch/www/game/monsters/200/2323.w52h52.png,download/Images/Chamchie_le_Difficile.png
Chamdblé le Cultivé,Niv. 29 - 37,https://static.ankama.com/dofus-touch/www/img/../../../dofus-touch/www/game/monsters/200/2426.w52h52.png,download/Images/Chamdblé_le_Cultivé.png
Chamflay le Ballonné,Niv. 30 - 38,https://static.ankama.com/dofus-touch/www/img/../../../dofus-touch/www/game/monsters/200/2425.w52h52.png,download/Images/Chamflay_le_Ballonné.png
Chamilero le Malchanceux,Niv. 167 - 175,https://static.ankama.com/dofus-touch/www/img/../../../dofus-touch/www/game/monsters/200/2553.w52h52.png,download/Images/Chamilero_le_Malchanceux.png
Chamitant le Dillettante,Niv. 50 - 58,https://static.ankama.com/dofus-touch/www/img/../../../dofus-touch/www/game/monsters/200/2423.w52h52.png,download/Images/Chamitant_le_Dillettante.png
Chamoute le Duveteux,Niv. 173 - 181,https://static.ankama.com/dofus-touch/www/img/../../../dofus-touch/www/game/monsters/200/2552.w52h52.png,download/Images/Chamoute_le_Duveteux.png
Champayr le Disjoncté,Niv. 32 - 40,https://static.ankama.com/dofus-touch/www/img/../../../dofus-touch/www/game/monsters/200/2427.w52h52.png,download/Images/Champayr_le_Disjoncté.png
Champayt l'Odorant,Niv. 20 - 28,https://static.ankama.com/dofus-touch/www/img/../../../dofus-touch/www/game/monsters/200/2424.w52h52.png,download/Images/Champayt_l'Odorant.png
Champmé le Méchant,Niv. 182 - 190,https://static.ankama.com/dofus-touch/www/img/../../../dofus-touch/www/game/monsters/200/2600.w52h52.png,download/Images/Champmé_le_Méchant.png
Champolyon le Polyglotte,Niv. 179 - 187,https://static.ankama.com/dofus-touch/www/img/../../../dofus-touch/www/game/monsters/200/2551.w52h52.png,download/Images/Champolyon_le_Polyglotte.png
Champoul l'Illuminé,Niv. 176 - 184,https://static.ankama.com/dofus-touch/www/img/../../../dofus-touch/www/game/monsters/200/2373.w52h52.png,download/Images/Champoul_l'Illuminé.png
Chevaustine le Reconstruit,Niv. 27 - 35,https://static.ankama.com/dofus-touch/www/img/../../../dofus-touch/www/game/monsters/200/2430.w52h52.png,download/Images/Chevaustine_le_Reconstruit.png
Chiendanlémin l'Illusionniste,Niv. 104 - 116,https://static.ankama.com/dofus-touch/www/img/../../../dofus-touch/www/game/monsters/200/2554.w52h52.png,download/Images/Chiendanlémin_l'Illusionniste.png
Chonstip la Passagère,Niv. 58 - 62,https://static.ankama.com/dofus-touch/www/img/../../../dofus-touch/www/game/monsters/200/2325.w52h52.png,download/Images/Chonstip_la_Passagère.png
Codenlgaz le Problème,Niv. 35 - 47,https://static.ankama.com/dofus-touch/www/img/../../../dofus-touch/www/game/monsters/200/2433.w52h52.png,download/Images/Codenlgaz_le_Problème.png
Corboyard l'Enigmatique,Niv. 48 - 60,https://static.ankama.com/dofus-touch/www/img/../../../dofus-touch/www/game/monsters/200/2555.w52h52.png,download/Images/Corboyard_l'Enigmatique.png
Corpat le Vampire,Niv. 24 - 36,https://static.ankama.com/dofus-touch/www/img/../../../dofus-touch/www/game/monsters/200/2437.w52h52.png,download/Images/Corpat_le_Vampire.png
Crakmitaine le Faucheur,Niv. 55 - 67,https://static.ankama.com/dofus-touch/www/img/../../../dofus-touch/www/game/monsters/200/2436.w52h52.png,download/Images/Crakmitaine_le_Faucheur.png
Cramikaz le Suicidaire,Niv. 59 - 71,https://static.ankama.com/dofus-touch/www/img/../../../dofus-touch/www/game/monsters/200/2438.w52h52.png,download/Images/Cramikaz_le_Suicidaire.png
Craquetou le Fissuré,Niv. 40 - 52,https://static.ankama.com/dofus-touch/www/img/../../../dofus-touch/www/game/monsters/200/2556.w52h52.png,download/Images/Craquetou_le_Fissuré.png
Craquetuss le Piquant,Niv. 50 - 58,https://static.ankama.com/dofus-touch/www/img/../../../dofus-touch/www/game/monsters/200/2326.w52h52.png,download/Images/Craquetuss_le_Piquant.png
Craraboss le Féérique,Niv. 12 - 16,https://static.ankama.com/dofus-touch/www/img/../../../dofus-touch/www/game/monsters/200/2327.w52h52.png,download/Images/Craraboss_le_Féérique.png
Crathdogue le Cruel,Niv. 50 - 90,https://static.ankama.com/dofus-touch/www/img/../../../dofus-touch/www/game/monsters/200/2561.w52h52.png,download/Images/Crathdogue_le_Cruel.png
Crognan le Barbare,Niv. 35,https://static.ankama.com/dofus-touch/www/img/../../../dofus-touch/www/game/monsters/200/2440.w52h52.png,download/Images/Crognan_le_Barbare.png
Crok le Beau,Niv. 61 - 77,https://static.ankama.com/dofus-touch/www/img/../../../dofus-touch/www/game/monsters/200/2428.w52h52.png,download/Images/Crok_le_Beau.png
Crolnareff l'Exilé,Niv. 42 - 50,https://static.ankama.com/dofus-touch/www/img/../../../dofus-touch/www/game/monsters/200/2439.w52h52.png,download/Images/Crolnareff_l'Exilé.png
Cromikay le Néophyte,Niv. 35 - 43,https://static.ankama.com/dofus-touch/www/img/../../../dofus-touch/www/game/monsters/200/2378.w52h52.png,download/Images/Cromikay_le_Néophyte.png
Cruskof le Rustre,Niv. 30 - 46,https://static.ankama.com/dofus-touch/www/img/../../../dofus-touch/www/game/monsters/200/2559.w52h52.png,download/Images/Cruskof_le_Rustre.png
Crusmeyer le Pervers,Niv. 30 - 46,https://static.ankama.com/dofus-touch/www/img/../../../dofus-touch/www/game/monsters/200/2560.w52h52.png,download/Images/Crusmeyer_le_Pervers.png
Crustensyl le Pragmatique,Niv. 30 - 46,https://static.ankama.com/dofus-touch/www/img/../../../dofus-touch/www/game/monsters/200/2558.w52h52.png,download/Images/Crustensyl_le_Pragmatique.png
Crustterus l'Organique,Niv. 30 - 46,https://static.ankama.com/dofus-touch/www/img/../../../dofus-touch/www/game/monsters/200/2557.w52h52.png,download/Images/Crustterus_l'Organique.png
Dardamel la Kidnappeuse,Niv. 129 - 137,https://static.ankama.com/dofus-touch/www/img/../../../dofus-touch/www/game/monsters/200/4352.w52h52.png,download/Images/Dardamel_la_Kidnappeuse.png
Diskord le Belliqueux,Niv. 79 - 99,https://static.ankama.com/dofus-touch/www/img/../../../dofus-touch/www/game/monsters/200/2562.w52h52.png,download/Images/Diskord_le_Belliqueux.png
Doktopuss le Maléfique,Niv. 70 - 78,https://static.ankama.com/dofus-touch/www/img/../../../dofus-touch/www/game/monsters/200/2442.w52h52.png,download/Images/Doktopuss_le_Maléfique.png
Don Kizoth l'Obstiné,Niv. 112 - 148,https://static.ankama.com/dofus-touch/www/img/../../../dofus-touch/www/game/monsters/200/2578.w52h52.png,download/Images/Don_Kizoth_l'Obstiné.png
Dragalgan l'Effervescent,Niv. 84 - 108,https://static.ankama.com/dofus-touch/www/img/../../../dofus-touch/www/game/monsters/200/2455.w52h52.png,download/Images/Dragalgan_l'Effervescent.png
Dragdikal le Décisif,Niv. 100 - 120,https://static.ankama.com/dofus-touch/www/img/../../../dofus-touch/www/game/monsters/200/2464.w52h52.png,download/Images/Dragdikal_le_Décisif.png
Drageaufol la Joyeuse,Niv. 110 - 122,https://static.ankama.com/dofus-touch/www/img/../../../dofus-touch/www/game/monsters/200/2460.w52h52.png,download/Images/Drageaufol_la_Joyeuse.png
Dragioli le Succulent,Niv. 84 - 108,https://static.ankama.com/dofus-touch/www/img/../../../dofus-touch/www/game/monsters/200/2459.w52h52.png,download/Images/Dragioli_le_Succulent.png
Dragkouine la Magnifique,Niv. 60 - 68,https://static.ankama.com/dofus-touch/www/img/../../../dofus-touch/www/game/monsters/200/2450.w52h52.png,download/Images/Dragkouine_la_Magnifique.png
Draglida la Disparue,Niv. 55 - 67,https://static.ankama.com/dofus-touch/www/img/../../../dofus-touch/www/game/monsters/200/2379.w52h52.png,download/Images/Draglida_la_Disparue.png
Dragma le Bouillant,Niv. 70 - 78,https://static.ankama.com/dofus-touch/www/img/../../../dofus-touch/www/game/monsters/200/2446.w52h52.png,download/Images/Dragma_le_Bouillant.png
Dragminster le Magicien,Niv. 110 - 122,https://static.ankama.com/dofus-touch/www/img/../../../dofus-touch/www/game/monsters/200/2454.w52h52.png,download/Images/Dragminster_le_Magicien.png
Dragmoclaiss le Fataliste,Niv. 60 - 68,https://static.ankama.com/dofus-touch/www/img/../../../dofus-touch/www/game/monsters/200/2372.w52h52.png,download/Images/Dragmoclaiss_le_Fataliste.png
Dragnostik le Sceptique,Niv. 60 - 68,https://static.ankama.com/dofus-touch/www/img/../../../dofus-touch/www/game/monsters/200/2449.w52h52.png,download/Images/Dragnostik_le_Sceptique.png
Dragnoute l'Irascible,Niv. 60 - 72,https://static.ankama.com/dofus-touch/www/img/../../../dofus-touch/www/game/monsters/200/2465.w52h52.png,download/Images/Dragnoute_l'Irascible.png
Dragobert le Monarque,Niv. 100 - 120,https://static.ankama.com/dofus-touch/www/img/../../../dofus-touch/www/game/monsters/200/2452.w52h52.png,download/Images/Dragobert_le_Monarque.png
Dragoeth le Penseur,Niv. 70 - 78,https://static.ankama.com/dofus-touch/www/img/../../../dofus-touch/www/game/monsters/200/2445.w52h52.png,download/Images/Dragoeth_le_Penseur.png
Dragonienne l'Econome,Niv. 102 - 118,https://static.ankama.com/dofus-touch/www/img/../../../dofus-touch/www/game/monsters/200/2461.w52h52.png,download/Images/Dragonienne_l'Econome.png
Dragoo le Cramoisi,Niv. 70 - 78,https://static.ankama.com/dofus-touch/www/img/../../../dofus-touch/www/game/monsters/200/2448.w52h52.png,download/Images/Dragoo_le_Cramoisi.png
Dragsta le Détendu,Niv. 50 - 58,https://static.ankama.com/dofus-touch/www/img/../../../dofus-touch/www/game/monsters/200/2451.w52h52.png,download/Images/Dragsta_le_Détendu.png
Dragstayr le Fonceur,Niv. 60 - 68,https://static.ankama.com/dofus-touch/www/img/../../../dofus-touch/www/game/monsters/200/2377.w52h52.png,download/Images/Dragstayr_le_Fonceur.png
Dragstik le Frustre,Niv. 50 - 58,https://static.ankama.com/dofus-touch/www/img/../../../dofus-touch/www/game/monsters/200/2369.w52h52.png,download/Images/Dragstik_le_Frustre.png
Dragstore le Généraliste,Niv. 50 - 58,https://static.ankama.com/dofus-touch/www/img/../../../dofus-touch/www/game/monsters/200/2367.w52h52.png,download/Images/Dragstore_le_Généraliste.png
Dragtarus le Bellâtre,Niv. 110 - 122,https://static.ankama.com/dofus-touch/www/img/../../../dofus-touch/www/game/monsters/200/2456.w52h52.png,download/Images/Dragtarus_le_Bellâtre.png
Dragtonien le Malvoyant,Niv. 70 - 78,https://static.ankama.com/dofus-touch/www/img/../../../dofus-touch/www/game/monsters/200/2447.w52h52.png,download/Images/Dragtonien_le_Malvoyant.png
Dragtopaile l'Excavateur,Niv. 84 - 108,https://static.ankama.com/dofus-touch/www/img/../../../dofus-touch/www/game/monsters/200/2453.w52h52.png,download/Images/Dragtopaile_l'Excavateur.png
Dragtula l'Ancien,Niv. 50 - 58,https://static.ankama.com/dofus-touch/www/img/../../../dofus-touch/www/game/monsters/200/2368.w52h52.png,download/Images/Dragtula_l'Ancien.png
Dragybuss le Sucré,Niv. 84 - 108,https://static.ankama.com/dofus-touch/www/img/../../../dofus-touch/www/game/monsters/200/2457.w52h52.png,download/Images/Dragybuss_le_Sucré.png
Drakolage le Tentateur,Niv. 90 - 98,https://static.ankama.com/dofus-touch/www/img/../../../dofus-touch/www/game/monsters/200/2462.w52h52.png,download/Images/Drakolage_le_Tentateur.png
Draquetteur le Voleur,Niv. 110 - 122,https://static.ankama.com/dofus-touch/www/img/../../../dofus-touch/www/game/monsters/200/2458.w52h52.png,download/Images/Draquetteur_le_Voleur.png
Ecorfé la Vive,Niv. 111 - 131,https://static.ankama.com/dofus-touch/www/img/../../../dofus-touch/www/game/monsters/200/2360.w52h52.png,download/Images/Ecorfé_la_Vive.png
Fandanleuil le Précis,Niv. 57 - 73,https://static.ankama.com/dofus-touch/www/img/../../../dofus-touch/www/game/monsters/200/2467.w52h52.png,download/Images/Fandanleuil_le_Précis.png
Fanlabiz le Véloce,Niv. 57 - 73,https://static.ankama.com/dofus-touch/www/img/../../../dofus-touch/www/game/monsters/200/2466.w52h52.png,download/Images/Fanlabiz_le_Véloce.png
Fantoch le Pantin,Niv. 57 - 73,https://static.ankama.com/dofus-touch/www/img/../../../dofus-touch/www/game/monsters/200/2563.w52h52.png,download/Images/Fantoch_le_Pantin.png
Fantrask le Rêveur,Niv. 57 - 73,https://static.ankama.com/dofus-touch/www/img/../../../dofus-touch/www/game/monsters/200/2468.w52h52.png,download/Images/Fantrask_le_Rêveur.png
Farlon l'Enfant,Niv. 90 - 98,https://static.ankama.com/dofus-touch/www/img/../../../dofus-touch/www/game/monsters/200/2432.w52h52.png,download/Images/Farlon_l'Enfant.png
Faufoll la Joyeuse,Niv. 108 - 120,https://static.ankama.com/dofus-touch/www/img/../../../dofus-touch/www/game/monsters/200/2567.w52h52.png,download/Images/Faufoll_la_Joyeuse.png
Floanna la Blonde,Niv. 116 - 136,https://static.ankama.com/dofus-touch/www/img/../../../dofus-touch/www/game/monsters/200/2565.w52h52.png,download/Images/Floanna_la_Blonde.png
Forboyar l'Enigmatique,Niv. 41 - 53,https://static.ankama.com/dofus-touch/www/img/../../../dofus-touch/www/game/monsters/200/2328.w52h52.png,download/Images/Forboyar_l'Enigmatique.png
Fossamoel le Juteux,Niv. 100 - 112,https://static.ankama.com/dofus-touch/www/img/../../../dofus-touch/www/game/monsters/200/2482.w52h52.png,download/Images/Fossamoel_le_Juteux.png
Fourapin le Chaud,Niv. 82 - 90,https://static.ankama.com/dofus-touch/www/img/../../../dofus-touch/www/game/monsters/200/2484.w52h52.png,download/Images/Fourapin_le_Chaud.png
Gargantua la Dévoreuse,Niv. 131 - 139,https://static.ankama.com/dofus-touch/www/img/../../../dofus-touch/www/game/monsters/200/4350.w52h52.png,download/Images/Gargantua_la_Dévoreuse.png
Garsim le Mort,Niv. 41 - 49,https://static.ankama.com/dofus-touch/www/img/../../../dofus-touch/www/game/monsters/200/2486.w52h52.png,download/Images/Garsim_le_Mort.png
Gastroth la Contagieuse,Niv. 91 - 111,https://static.ankama.com/dofus-touch/www/img/../../../dofus-touch/www/game/monsters/200/2566.w52h52.png,download/Images/Gastroth_la_Contagieuse.png
Gelanal le Huileux,Niv. 46 - 62,https://static.ankama.com/dofus-touch/www/img/../../../dofus-touch/www/game/monsters/200/2487.w52h52.png,download/Images/Gelanal_le_Huileux.png
Gelaviv le Glaçon,Niv. 54 - 62,https://static.ankama.com/dofus-touch/www/img/../../../dofus-touch/www/game/monsters/200/2376.w52h52.png,download/Images/Gelaviv_le_Glaçon.png
Geloliaine l'Aérien,Niv. 50 - 62,https://static.ankama.com/dofus-touch/www/img/../../../dofus-touch/www/game/monsters/200/2371.w52h52.png,download/Images/Geloliaine_l'Aérien.png
Germinol l'Indigent,Niv. 120 - 128,https://static.ankama.com/dofus-touch/www/img/../../../dofus-touch/www/game/monsters/200/2568.w52h52.png,download/Images/Germinol_l'Indigent.png
Ginsenk le Stimulant,Niv. 35 - 47,https://static.ankama.com/dofus-touch/www/img/../../../dofus-touch/www/game/monsters/200/2493.w52h52.png,download/Images/Ginsenk_le_Stimulant.png
Gloubibou le Gars,Niv. 80 - 88,https://static.ankama.com/dofus-touch/www/img/../../../dofus-touch/www/game/monsters/200/2495.w52h52.png,download/Images/Gloubibou_le_Gars.png
Gobstiniais le Têtu,Niv. 20 - 24,https://static.ankama.com/dofus-touch/www/img/../../../dofus-touch/www/game/monsters/200/2494.w52h52.png,download/Images/Gobstiniais_le_Têtu.png
Grandilok le Clameur,Niv. 52 - 60,https://static.ankama.com/dofus-touch/www/img/../../../dofus-touch/www/game/monsters/200/2498.w52h52.png,download/Images/Grandilok_le_Clameur.png
Grokosto le Bosco,Niv. 42 - 50,https://static.ankama.com/dofus-touch/www/img/../../../dofus-touch/www/game/monsters/200/2292.w52h52.png,download/Images/Grokosto_le_Bosco.png
Guerrite le Veilleur,Niv. 100 - 112,https://static.ankama.com/dofus-touch/www/img/../../../dofus-touch/www/game/monsters/200/2497.w52h52.png,download/Images/Guerrite_le_Veilleur.png
Guerumoth le Collant,Niv. 83 - 119,https://static.ankama.com/dofus-touch/www/img/../../../dofus-touch/www/game/monsters/200/2569.w52h52.png,download/Images/Guerumoth_le_Collant.png
Kaenekfeu le volubile,Niv. 201 - 209,https://static.ankama.com/dofus-touch/www/img/../../../dofus-touch/www/game/monsters/200/4461.w52h52.png,download/Images/Kaenekfeu_le_volubile.png
Kanasukr le Mielleux,Niv. 60 - 68,https://static.ankama.com/dofus-touch/www/img/../../../dofus-touch/www/game/monsters/200/2503.w52h52.png,download/Images/Kanasukr_le_Mielleux.png
Kannémik le Maigre,Niv. 53 - 61,https://static.ankama.com/dofus-touch/www/img/../../../dofus-touch/www/game/monsters/200/2505.w52h52.png,download/Images/Kannémik_le_Maigre.png
Kannibal le Lecteur,Niv. 53 - 61,https://static.ankama.com/dofus-touch/www/img/../../../dofus-touch/www/game/monsters/200/2502.w52h52.png,download/Images/Kannibal_le_Lecteur.png
Kannisterik le Forcené,Niv. 53 - 61,https://static.ankama.com/dofus-touch/www/img/../../../dofus-touch/www/game/monsters/200/2506.w52h52.png,download/Images/Kannisterik_le_Forcené.png
Kapota la Fraise,Niv. 53 - 61,https://static.ankama.com/dofus-touch/www/img/../../../dofus-touch/www/game/monsters/200/2507.w52h52.png,download/Images/Kapota_la_Fraise.png
Kaskapointhe la Couverte,Niv. 146 - 162,https://static.ankama.com/dofus-touch/www/img/../../../dofus-touch/www/game/monsters/200/2570.w52h52.png,download/Images/Kaskapointhe_la_Couverte.png
Kido l'Âtre,Niv. 53 - 89,https://static.ankama.com/dofus-touch/www/img/../../../dofus-touch/www/game/monsters/200/2571.w52h52.png,download/Images/Kido_l'Âtre.png
Kilimanj'haro le Grimpeur,Niv. 54 - 90,https://static.ankama.com/dofus-touch/www/img/../../../dofus-touch/www/game/monsters/200/2572.w52h52.png,download/Images/Kilimanj'haro_le_Grimpeur.png
Kiroyal le Sirupeux,Niv. 35 - 47,https://static.ankama.com/dofus-touch/www/img/../../../dofus-touch/www/game/monsters/200/2508.w52h52.png,download/Images/Kiroyal_le_Sirupeux.png
Koakofrui le Confit,Niv. 80 - 88,https://static.ankama.com/dofus-touch/www/img/../../../dofus-touch/www/game/monsters/200/2516.w52h52.png,download/Images/Koakofrui_le_Confit.png
Koalaboi le Calorifère,Niv. 104 - 116,https://static.ankama.com/dofus-touch/www/img/../../../dofus-touch/www/game/monsters/200/2514.w52h52.png,download/Images/Koalaboi_le_Calorifère.png
Koalastrof la Naturelle,Niv. 60 - 68,https://static.ankama.com/dofus-touch/www/img/../../../dofus-touch/www/game/monsters/200/2517.w52h52.png,download/Images/Koalastrof_la_Naturelle.png
Koalvissie le Chauve,Niv. 102 - 114,https://static.ankama.com/dofus-touch/www/img/../../../dofus-touch/www/game/monsters/200/2519.w52h52.png,download/Images/Koalvissie_le_Chauve.png
Koamaembair le Coulant,Niv. 80 - 88,https://static.ankama.com/dofus-touch/www/img/../../../dofus-touch/www/game/monsters/200/2513.w52h52.png,download/Images/Koamaembair_le_Coulant.png
Koamag'oel le Défiguré,Niv. 102 - 114,https://static.ankama.com/dofus-touch/www/img/../../../dofus-touch/www/game/monsters/200/2429.w52h52.png,download/Images/Koamag'oel_le_Défiguré.png
Koarmit la Batracienne,Niv. 80 - 88,https://static.ankama.com/dofus-touch/www/img/../../../dofus-touch/www/game/monsters/200/2518.w52h52.png,download/Images/Koarmit_la_Batracienne.png
Koaskette la Chapelière,Niv. 80 - 88,https://static.ankama.com/dofus-touch/www/img/../../../dofus-touch/www/game/monsters/200/2509.w52h52.png,download/Images/Koaskette_la_Chapelière.png
Koasossyal le Psychopathe,Niv. 80 - 88,https://static.ankama.com/dofus-touch/www/img/../../../dofus-touch/www/game/monsters/200/2515.w52h52.png,download/Images/Koasossyal_le_Psychopathe.png
Koktèle le Secoué,Niv. 40 - 44,https://static.ankama.com/dofus-touch/www/img/../../../dofus-touch/www/game/monsters/200/2573.w52h52.png,download/Images/Koktèle_le_Secoué.png
Kolforthe l'Indécollable,Niv. 25 - 33,https://static.ankama.com/dofus-touch/www/img/../../../dofus-touch/www/game/monsters/200/2520.w52h52.png,download/Images/Kolforthe_l'Indécollable.png
Krapahut le Randonneur,Niv. 110 - 118,https://static.ankama.com/dofus-touch/www/img/../../../dofus-touch/www/game/monsters/200/2521.w52h52.png,download/Images/Krapahut_le_Randonneur.png
Kwoanneur le Frimeur,Niv. 26 - 34,https://static.ankama.com/dofus-touch/www/img/../../../dofus-touch/www/game/monsters/200/2522.w52h52.png,download/Images/Kwoanneur_le_Frimeur.png
Larchimaide la Poussée,Niv. 30 - 38,https://static.ankama.com/dofus-touch/www/img/../../../dofus-touch/www/game/monsters/200/2332.w52h52.png,download/Images/Larchimaide_la_Poussée.png
Larvapstrè le Subjectif,Niv. 32 - 40,https://static.ankama.com/dofus-touch/www/img/../../../dofus-touch/www/game/monsters/200/2331.w52h52.png,download/Images/Larvapstrè_le_Subjectif.png
Larvonika l'Instrument,Niv. 29 - 37,https://static.ankama.com/dofus-touch/www/img/../../../dofus-touch/www/game/monsters/200/2574.w52h52.png,download/Images/Larvonika_l'Instrument.png
Let le Rond,Niv. 35 - 47,https://static.ankama.com/dofus-touch/www/img/../../../dofus-touch/www/game/monsters/200/2525.w52h52.png,download/Images/Let_le_Rond.png
Maître Amboat le Moqueur,Niv. 37 - 49,https://static.ankama.com/dofus-touch/www/img/../../../dofus-touch/www/game/monsters/200/2532.w52h52.png,download/Images/Maître_Amboat_le_Moqueur.png
Maître Koantik le Théoricien,Niv. 108 - 120,https://static.ankama.com/dofus-touch/www/img/../../../dofus-touch/www/game/monsters/200/2531.w52h52.png,download/Images/Maître_Koantik_le_Théoricien.png
Maître Onom le Régulier,Niv. 60 - 68,https://static.ankama.com/dofus-touch/www/img/../../../dofus-touch/www/game/monsters/200/2359.w52h52.png,download/Images/Maître_Onom_le_Régulier.png
Mamakomou l'Âge,Niv. 90 - 98,https://static.ankama.com/dofus-touch/www/img/../../../dofus-touch/www/game/monsters/200/2528.w52h52.png,download/Images/Mamakomou_l'Âge.png
Mandalo l'Aqueuse,Niv. 110 - 118,https://static.ankama.com/dofus-touch/www/img/../../../dofus-touch/www/game/monsters/200/2529.w52h52.png,download/Images/Mandalo_l'Aqueuse.png
Marude l'ensablé,Niv. 201 - 209,https://static.ankama.com/dofus-touch/www/img/../../../dofus-touch/www/game/monsters/200/4465.w52h52.png,download/Images/Marude_l'ensablé.png
Meuroup le Prêtre,Niv. 143 - 155,https://static.ankama.com/dofus-touch/www/img/../../../dofus-touch/www/game/monsters/200/2577.w52h52.png,download/Images/Meuroup_le_Prêtre.png
Milipatte la Griffe,Niv. 24 - 32,https://static.ankama.com/dofus-touch/www/img/../../../dofus-touch/www/game/monsters/200/2333.w52h52.png,download/Images/Milipatte_la_Griffe.png
Minoskour le Sauveur,Niv. 110 - 118,https://static.ankama.com/dofus-touch/www/img/../../../dofus-touch/www/game/monsters/200/2533.w52h52.png,download/Images/Minoskour_le_Sauveur.png
Minsinistre l'Elu,Niv. 39 - 51,https://static.ankama.com/dofus-touch/www/img/../../../dofus-touch/www/game/monsters/200/2335.w52h52.png,download/Images/Minsinistre_l'Elu.png
Momikonos la Bandelette,Niv. 106 - 118,https://static.ankama.com/dofus-touch/www/img/../../../dofus-touch/www/game/monsters/200/2534.w52h52.png,download/Images/Momikonos_la_Bandelette.png
Mosketère le Dévoué,Niv. 45 - 49,https://static.ankama.com/dofus-touch/www/img/../../../dofus-touch/www/game/monsters/200/2336.w52h52.png,download/Images/Mosketère_le_Dévoué.png
Mufguedin le Suprême,Niv. 62 - 78,https://static.ankama.com/dofus-touch/www/img/../../../dofus-touch/www/game/monsters/200/2580.w52h52.png,download/Images/Mufguedin_le_Suprême.png
Muloufok l'Hilarant,Niv. 92 - 100,https://static.ankama.com/dofus-touch/www/img/../../../dofus-touch/www/game/monsters/200/2337.w52h52.png,download/Images/Muloufok_l'Hilarant.png
Nakuneuye le Borgne,Niv. 51 - 75,https://static.ankama.com/dofus-touch/www/img/../../../dofus-touch/www/game/monsters/200/2538.w52h52.png,download/Images/Nakuneuye_le_Borgne.png
Nanashi le virtuose,Niv. 200 - 208,https://static.ankama.com/dofus-touch/www/img/../../../dofus-touch/www/game/monsters/200/4463.w52h52.png,download/Images/Nanashi_le_virtuose.png
Nelvin le Boulet,Niv. 35 - 47,https://static.ankama.com/dofus-touch/www/img/../../../dofus-touch/www/game/monsters/200/2539.w52h52.png,download/Images/Nelvin_le_Boulet.png
Nerdeubeu le Flagellant,Niv. 104 - 120,https://static.ankama.com/dofus-touch/www/img/../../../dofus-touch/www/game/monsters/200/2579.w52h52.png,download/Images/Nerdeubeu_le_Flagellant.png
Nipulnislip l'Exhibitionniste,Niv. 35 - 47,https://static.ankama.com/dofus-touch/www/img/../../../dofus-touch/www/game/monsters/200/2540.w52h52.png,download/Images/Nipulnislip_l'Exhibitionniste.png
NodKoku le Trahi,Niv. 40 - 44,https://static.ankama.com/dofus-touch/www/img/../../../dofus-touch/www/game/monsters/200/2541.w52h52.png,download/Images/NodKoku_le_Trahi.png
Onistérique le déchainé,Niv. 203 - 211,https://static.ankama.com/dofus-touch/www/img/../../../dofus-touch/www/game/monsters/200/4457.w52h52.png,download/Images/Onistérique_le_déchainé.png
Osuxion le Vampirique,Niv. 35 - 47,https://static.ankama.com/dofus-touch/www/img/../../../dofus-touch/www/game/monsters/200/2585.w52h52.png,download/Images/Osuxion_le_Vampirique.png
Ouashouash l'Exubérant,Niv. 85 - 101,https://static.ankama.com/dofus-touch/www/img/../../../dofus-touch/www/game/monsters/200/2575.w52h52.png,download/Images/Ouashouash_l'Exubérant.png
Ouassébo l'Esthète,Niv. 44 - 48,https://static.ankama.com/dofus-touch/www/img/../../../dofus-touch/www/game/monsters/200/2524.w52h52.png,download/Images/Ouassébo_l'Esthète.png
Ouature la Mobile,Niv. 42 - 50,https://static.ankama.com/dofus-touch/www/img/../../../dofus-touch/www/game/monsters/200/2616.w52h52.png,download/Images/Ouature_la_Mobile.png
Ougaould le Parasite,Niv. 45 - 57,https://static.ankama.com/dofus-touch/www/img/../../../dofus-touch/www/game/monsters/200/2589.w52h52.png,download/Images/Ougaould_le_Parasite.png
Palmbytch la Bronzée,Niv. 28 - 60,https://static.ankama.com/dofus-touch/www/img/../../../dofus-touch/www/game/monsters/200/2581.w52h52.png,download/Images/Palmbytch_la_Bronzée.png
Palmiche le Serein,Niv. 28 - 60,https://static.ankama.com/dofus-touch/www/img/../../../dofus-touch/www/game/monsters/200/2583.w52h52.png,download/Images/Palmiche_le_Serein.png
Palmiflette le Convivial,Niv. 28 - 60,https://static.ankama.com/dofus-touch/www/img/../../../dofus-touch/www/game/monsters/200/2584.w52h52.png,download/Images/Palmiflette_le_Convivial.png
Palmito le Menteur,Niv. 28 - 60,https://static.ankama.com/dofus-touch/www/img/../../../dofus-touch/www/game/monsters/200/2582.w52h52.png,download/Images/Palmito_le_Menteur.png
Pékeutar le Tireur,Niv. 80 - 88,https://static.ankama.com/dofus-touch/www/img/../../../dofus-touch/www/game/monsters/200/2271.w52h52.png,download/Images/Pékeutar_le_Tireur.png
Pichakoté le Dégoutant,Niv. 31 - 39,https://static.ankama.com/dofus-touch/www/img/../../../dofus-touch/www/game/monsters/200/2272.w52h52.png,download/Images/Pichakoté_le_Dégoutant.png
Pichdourse le Puissant,Niv. 32 - 40,https://static.ankama.com/dofus-touch/www/img/../../../dofus-touch/www/game/monsters/200/2338.w52h52.png,download/Images/Pichdourse_le_Puissant.png
Pichduitre le Totem,Niv. 34 - 42,https://static.ankama.com/dofus-touch/www/img/../../../dofus-touch/www/game/monsters/200/2346.w52h52.png,download/Images/Pichduitre_le_Totem.png
Picht le Brioché,Niv. 25 - 45,https://static.ankama.com/dofus-touch/www/img/../../../dofus-touch/www/game/monsters/200/2339.w52h52.png,download/Images/Picht_le_Brioché.png
Pichtoire l'Erudit,Niv. 32 - 40,https://static.ankama.com/dofus-touch/www/img/../../../dofus-touch/www/game/monsters/200/2340.w52h52.png,download/Images/Pichtoire_l'Erudit.png
Pioufe la Maquillée,Niv. 22 - 30,https://static.ankama.com/dofus-touch/www/img/../../../dofus-touch/www/game/monsters/200/2343.w52h52.png,download/Images/Pioufe_la_Maquillée.png
Pioukas la Plante,Niv. 20 - 28,https://static.ankama.com/dofus-touch/www/img/../../../dofus-touch/www/game/monsters/200/2345.w52h52.png,download/Images/Pioukas_la_Plante.png
Pioulbrineur le Mercenaire,Niv. 20 - 28,https://static.ankama.com/dofus-touch/www/img/../../../dofus-touch/www/game/monsters/200/2342.w52h52.png,download/Images/Pioulbrineur_le_Mercenaire.png
Pioulette la Coquine,Niv. 20 - 28,https://static.ankama.com/dofus-touch/www/img/../../../dofus-touch/www/game/monsters/200/2344.w52h52.png,download/Images/Pioulette_la_Coquine.png
Pioussokrim le Délétère,Niv. 21 - 29,https://static.ankama.com/dofus-touch/www/img/../../../dofus-touch/www/game/monsters/200/2347.w52h52.png,download/Images/Pioussokrim_le_Délétère.png
Pioustone le Problème,Niv. 20 - 28,https://static.ankama.com/dofus-touch/www/img/../../../dofus-touch/www/game/monsters/200/2341.w52h52.png,download/Images/Pioustone_le_Problème.png
Piradain le Pingre,Niv. 71 - 79,https://static.ankama.com/dofus-touch/www/img/../../../dofus-touch/www/game/monsters/200/2270.w52h52.png,download/Images/Piradain_le_Pingre.png
Pissdane l'Insipide,Niv. 26 - 34,https://static.ankama.com/dofus-touch/www/img/../../../dofus-touch/www/game/monsters/200/2348.w52h52.png,download/Images/Pissdane_l'Insipide.png
Poolopo la Traditionnelle,Niv. 142 - 158,https://static.ankama.com/dofus-touch/www/img/../../../dofus-touch/www/game/monsters/200/2383.w52h52.png,download/Images/Poolopo_la_Traditionnelle.png
Porfavor le Quémandeur,Niv. 55 - 59,https://static.ankama.com/dofus-touch/www/img/../../../dofus-touch/www/game/monsters/200/2397.w52h52.png,download/Images/Porfavor_le_Quémandeur.png
Preskapwal le Tendancieux,Niv. 22 - 30,https://static.ankama.com/dofus-touch/www/img/../../../dofus-touch/www/game/monsters/200/2349.w52h52.png,download/Images/Preskapwal_le_Tendancieux.png
Radoutable le Craint,Niv. 16 - 20,https://static.ankama.com/dofus-touch/www/img/../../../dofus-touch/www/game/monsters/200/2350.w52h52.png,download/Images/Radoutable_le_Craint.png
Ratatouille le Cuisinier,Niv. 17 - 25,https://static.ankama.com/dofus-touch/www/img/../../../dofus-touch/www/game/monsters/200/2334.w52h52.png,download/Images/Ratatouille_le_Cuisinier.png
Ratéhaifaim le Professeur,Niv. 60 - 68,https://static.ankama.com/dofus-touch/www/img/../../../dofus-touch/www/game/monsters/200/2275.w52h52.png,download/Images/Ratéhaifaim_le_Professeur.png
Ratlbol l'Aigri,Niv. 52 - 68,https://static.ankama.com/dofus-touch/www/img/../../../dofus-touch/www/game/monsters/200/2273.w52h52.png,download/Images/Ratlbol_l'Aigri.png
Rauligo le Sale,Niv. 40 - 80,https://static.ankama.com/dofus-touch/www/img/../../../dofus-touch/www/game/monsters/200/2351.w52h52.png,download/Images/Rauligo_le_Sale.png
Ribibi le Cher,Niv. 34 - 42,https://static.ankama.com/dofus-touch/www/img/../../../dofus-touch/www/game/monsters/200/2276.w52h52.png,download/Images/Ribibi_le_Cher.png
Rostensyl la Cuisinière,Niv. 19 - 27,https://static.ankama.com/dofus-touch/www/img/../../../dofus-touch/www/game/monsters/200/2277.w52h52.png,download/Images/Rostensyl_la_Cuisinière.png
Roy le Merlin,Niv. 192 - 200,https://static.ankama.com/dofus-touch/www/img/../../../dofus-touch/www/game/monsters/200/2614.w52h52.png,download/Images/Roy_le_Merlin.png
Roz la Magicienne,Niv. 25 - 33,https://static.ankama.com/dofus-touch/www/img/../../../dofus-touch/www/game/monsters/200/2352.w52h52.png,download/Images/Roz_la_Magicienne.png
Sakkado la transporteuse,Niv. 204 - 212,https://static.ankama.com/dofus-touch/www/img/../../../dofus-touch/www/game/monsters/200/4459.w52h52.png,download/Images/Sakkado_la_transporteuse.png
Saltoavan la Gymnaste,Niv. 133 - 141,https://static.ankama.com/dofus-touch/www/img/../../../dofus-touch/www/game/monsters/200/4348.w52h52.png,download/Images/Saltoavan_la_Gymnaste.png
Sampi l'Eternel,Niv. 56 - 64,https://static.ankama.com/dofus-touch/www/img/../../../dofus-touch/www/game/monsters/200/2279.w52h52.png,download/Images/Sampi_l'Eternel.png
Sangria le Fruité,Niv. 20 - 28,https://static.ankama.com/dofus-touch/www/img/../../../dofus-touch/www/game/monsters/200/2353.w52h52.png,download/Images/Sangria_le_Fruité.png
Scapé l'Epée,Niv. 34 - 42,https://static.ankama.com/dofus-touch/www/img/../../../dofus-touch/www/game/monsters/200/2280.w52h52.png,download/Images/Scapé_l'Epée.png
Scaramel le Fondant,Niv. 34 - 42,https://static.ankama.com/dofus-touch/www/img/../../../dofus-touch/www/game/monsters/200/2283.w52h52.png,download/Images/Scaramel_le_Fondant.png
Scaratyn l'huitre,Niv. 110 - 118,https://static.ankama.com/dofus-touch/www/img/../../../dofus-touch/www/game/monsters/200/2615.w52h52.png,download/Images/Scaratyn_l'huitre.png
Scarfayss le Balafré,Niv. 34 - 42,https://static.ankama.com/dofus-touch/www/img/../../../dofus-touch/www/game/monsters/200/2281.w52h52.png,download/Images/Scarfayss_le_Balafré.png
Scarouarze l'Epopée,Niv. 34 - 42,https://static.ankama.com/dofus-touch/www/img/../../../dofus-touch/www/game/monsters/200/2282.w52h52.png,download/Images/Scarouarze_l'Epopée.png
Scorpitène l'Enflammé,Niv. 30 - 42,https://static.ankama.com/dofus-touch/www/img/../../../dofus-touch/www/game/monsters/200/2285.w52h52.png,download/Images/Scorpitène_l'Enflammé.png
Seripoth l'Ennemi,Niv. 102 - 130,https://static.ankama.com/dofus-touch/www/img/../../../dofus-touch/www/game/monsters/200/2587.w52h52.png,download/Images/Seripoth_l'Ennemi.png
Serpistule le Purulent,Niv. 120 - 128,https://static.ankama.com/dofus-touch/www/img/../../../dofus-touch/www/game/monsters/200/2287.w52h52.png,download/Images/Serpistule_le_Purulent.png
Sourizoto le Collant,Niv. 45 - 49,https://static.ankama.com/dofus-touch/www/img/../../../dofus-touch/www/game/monsters/200/2354.w52h52.png,download/Images/Sourizoto_le_Collant.png
Sparoket le Lanceur,Niv. 48 - 80,https://static.ankama.com/dofus-touch/www/img/../../../dofus-touch/www/game/monsters/200/2588.w52h52.png,download/Images/Sparoket_le_Lanceur.png
Susbewl l'Hypocrite,Niv. 35 - 47,https://static.ankama.com/dofus-touch/www/img/../../../dofus-touch/www/game/monsters/200/2289.w52h52.png,download/Images/Susbewl_l'Hypocrite.png
Tiwalpé le Dévêtu,Niv. 41 - 49,https://static.ankama.com/dofus-touch/www/img/../../../dofus-touch/www/game/monsters/200/2293.w52h52.png,download/Images/Tiwalpé_le_Dévêtu.png
Tiwa'Missou le Gateux,Niv. 42 - 50,https://static.ankama.com/dofus-touch/www/img/../../../dofus-touch/www/game/monsters/200/2402.w52h52.png,download/Images/Tiwa'Missou_le_Gateux.png
Tiwoflan le Lâche,Niv. 40 - 48,https://static.ankama.com/dofus-touch/www/img/../../../dofus-touch/www/game/monsters/200/2294.w52h52.png,download/Images/Tiwoflan_le_Lâche.png
Tofuldebeu l'Explosif,Niv. 36 - 40,https://static.ankama.com/dofus-touch/www/img/../../../dofus-touch/www/game/monsters/200/2355.w52h52.png,download/Images/Tofuldebeu_l'Explosif.png
Tofumanchou l'Empereur,Niv. 22 - 30,https://static.ankama.com/dofus-touch/www/img/../../../dofus-touch/www/game/monsters/200/2357.w52h52.png,download/Images/Tofumanchou_l'Empereur.png
Tofurapin le Pétri,Niv. 15 - 23,https://static.ankama.com/dofus-touch/www/img/../../../dofus-touch/www/game/monsters/200/2356.w52h52.png,download/Images/Tofurapin_le_Pétri.png
Tortenssia la Fleurie,Niv. 17 - 21,https://static.ankama.com/dofus-touch/www/img/../../../dofus-touch/www/game/monsters/200/2295.w52h52.png,download/Images/Tortenssia_la_Fleurie.png
Torthur la Lutte,Niv. 16 - 20,https://static.ankama.com/dofus-touch/www/img/../../../dofus-touch/www/game/monsters/200/2298.w52h52.png,download/Images/Torthur_la_Lutte.png
